ReturnDate;TerritoryKey;ProductKey;ReturnQuantity;ProductPrice
03/07/2021;9;477;1;5
11/07/2021;4;477;1;5
22/07/2021;1;477;1;5
24/07/2021;10;477;1;5
02/08/2021;4;477;1;5
02/08/2021;6;477;1;5
10/08/2021;7;477;1;5
11/08/2021;6;477;1;5
12/08/2021;8;477;1;5
18/08/2021;7;477;1;5
23/08/2021;4;477;1;5
27/08/2021;6;477;1;5
27/08/2021;8;477;1;5
28/08/2021;6;477;1;5
29/08/2021;4;477;1;5
29/08/2021;7;477;1;5
30/08/2021;1;477;1;5
03/09/2021;1;477;1;5
04/09/2021;6;477;1;5
05/09/2021;1;477;1;5
05/09/2021;9;477;1;5
06/09/2021;4;477;1;5
09/09/2021;4;477;1;5
09/09/2021;7;477;1;5
13/09/2021;6;477;1;5
13/09/2021;7;477;1;5
16/09/2021;4;477;1;5
20/09/2021;10;477;1;5
21/09/2021;4;477;1;5
23/09/2021;4;477;1;5
26/09/2021;4;477;1;5
28/09/2021;1;477;1;5
01/10/2021;10;477;1;5
06/10/2021;9;477;1;5
08/10/2021;4;477;1;5
09/10/2021;9;477;1;5
14/10/2021;9;477;1;5
25/10/2021;9;477;1;5
28/10/2021;9;477;1;5
29/10/2021;10;477;1;5
01/11/2021;6;477;1;5
02/11/2021;7;477;1;5
07/11/2021;8;477;1;5
07/11/2021;9;477;1;5
09/11/2021;9;477;1;5
09/11/2021;10;477;1;5
12/11/2021;8;477;1;5
14/11/2021;10;477;1;5
28/11/2021;4;477;1;5
28/11/2021;10;477;1;5
29/11/2021;10;477;1;5
01/12/2021;8;477;1;5
04/12/2021;8;477;1;5
05/12/2021;9;477;1;5
11/12/2021;9;477;1;5
17/12/2021;10;477;1;5
18/12/2021;6;477;1;5
21/12/2021;1;477;1;5
21/12/2021;7;477;1;5
23/12/2021;4;477;1;5
24/12/2021;6;477;1;5
28/12/2021;7;477;1;5
31/12/2021;7;477;1;5
01/01/2022;9;477;1;5
03/01/2022;6;477;1;5
03/01/2022;9;477;1;5
11/01/2022;9;477;1;5
15/01/2022;6;477;1;5
17/01/2022;6;477;1;5
17/01/2022;9;477;1;5
18/01/2022;9;477;1;5
21/01/2022;4;477;1;5
22/01/2022;9;477;1;5
26/01/2022;6;477;1;5
28/01/2022;8;477;1;5
31/01/2022;4;477;1;5
01/02/2022;1;477;1;5
01/02/2022;4;477;1;5
02/02/2022;7;477;1;5
05/02/2022;4;477;1;5
08/02/2022;9;477;1;5
09/02/2022;7;477;1;5
11/02/2022;6;477;1;5
12/02/2022;1;477;1;5
12/02/2022;4;477;1;5
14/02/2022;9;477;1;5
15/02/2022;6;477;1;5
17/02/2022;9;477;1;5
20/02/2022;9;477;1;5
21/02/2022;6;477;1;5
21/02/2022;9;477;1;5
23/02/2022;10;477;1;5
25/02/2022;1;477;1;5
26/02/2022;6;477;1;5
27/02/2022;6;477;1;5
05/03/2022;4;477;1;5
12/03/2022;1;477;1;5
14/03/2022;4;477;1;5
18/03/2022;7;477;1;5
19/03/2022;4;477;1;5
23/03/2022;4;477;1;5
24/03/2022;9;477;1;5
25/03/2022;9;477;1;5
27/03/2022;6;477;1;5
27/03/2022;7;477;1;5
03/04/2022;4;477;1;5
04/04/2022;8;477;1;5
04/04/2022;9;477;1;5
06/04/2022;1;477;1;5
12/04/2022;9;477;1;5
13/04/2022;1;477;1;5
15/04/2022;7;477;1;5
21/04/2022;4;477;1;5
24/04/2022;4;477;1;5
24/04/2022;7;477;1;5
25/04/2022;7;477;1;5
02/05/2022;4;477;1;5
06/05/2022;4;477;1;5
14/05/2022;9;477;1;5
17/05/2022;6;477;1;5
28/05/2022;4;477;1;5
31/05/2022;10;477;1;5
02/06/2022;6;477;1;5
03/06/2022;7;477;1;5
05/06/2022;1;477;1;5
08/06/2022;9;477;1;5
10/06/2022;1;477;1;5
10/06/2022;4;477;1;5
12/06/2022;10;477;1;5
14/06/2022;10;477;1;5
15/06/2022;7;477;1;5
21/06/2022;9;477;1;5
21/06/2022;10;477;1;5
22/06/2022;9;477;1;5
25/06/2022;7;477;1;5
25/06/2022;9;477;1;5
26/06/2022;6;477;1;5
28/06/2022;10;477;1;5
29/06/2022;7;477;1;5
29/06/2022;9;477;1;5
30/06/2022;8;477;1;5
30/06/2022;9;477;1;5
30/06/2022;10;477;1;5
06/07/2021;10;528;1;5
26/07/2021;9;528;1;5
05/08/2021;4;528;1;5
11/08/2021;9;528;1;5
12/08/2021;1;528;1;5
15/08/2021;1;528;1;5
24/08/2021;4;528;1;5
30/08/2021;6;528;1;5
03/09/2021;9;528;1;5
04/09/2021;7;528;1;5
10/09/2021;9;528;1;5
19/09/2021;1;528;1;5
25/09/2021;7;528;1;5
27/09/2021;8;528;1;5
28/09/2021;6;528;1;5
29/09/2021;6;528;1;5
30/09/2021;10;528;1;5
01/10/2021;10;528;1;5
11/10/2021;4;528;1;5
26/10/2021;1;528;1;5
31/10/2021;8;528;1;5
01/11/2021;6;528;1;5
04/11/2021;10;528;1;5
10/11/2021;6;528;1;5
16/11/2021;1;528;1;5
24/11/2021;1;528;1;5
25/11/2021;6;528;1;5
27/11/2021;6;528;1;5
03/12/2021;1;528;1;5
03/12/2021;6;528;1;5
05/12/2021;4;528;1;5
06/12/2021;1;528;1;5
07/12/2021;4;528;1;5
15/12/2021;8;528;1;5
17/12/2021;6;528;1;5
26/12/2021;6;528;1;5
26/12/2021;10;528;1;5
27/12/2021;6;528;1;5
29/12/2021;1;528;1;5
01/01/2022;6;528;1;5
01/01/2022;9;528;1;5
02/01/2022;8;528;1;5
17/01/2022;4;528;1;5
18/01/2022;1;528;1;5
18/01/2022;4;528;1;5
27/01/2022;1;528;1;5
29/01/2022;6;528;1;5
30/01/2022;4;528;1;5
01/02/2022;9;528;1;5
06/02/2022;4;528;1;5
07/02/2022;9;528;1;5
13/02/2022;9;528;1;5
19/02/2022;4;528;1;5
20/02/2022;7;528;1;5
27/02/2022;1;528;1;5
27/02/2022;6;528;1;5
02/03/2022;4;528;1;5
03/03/2022;4;528;1;5
04/03/2022;6;528;1;5
04/03/2022;9;528;1;5
09/03/2022;7;528;1;5
10/03/2022;10;528;1;5
19/03/2022;1;528;1;5
21/03/2022;7;528;1;5
29/03/2022;1;528;1;5
31/03/2022;4;528;1;5
01/04/2022;6;528;1;5
07/04/2022;10;528;1;5
10/04/2022;4;528;1;5
19/04/2022;6;528;1;5
22/04/2022;4;528;1;5
28/04/2022;8;528;1;5
28/04/2022;10;528;1;5
29/04/2022;4;528;1;5
02/05/2022;4;528;1;5
06/05/2022;7;528;1;5
06/05/2022;8;528;1;5
09/05/2022;9;528;1;5
24/05/2022;6;528;1;5
26/05/2022;1;528;1;5
26/05/2022;6;528;1;5
27/05/2022;1;528;1;5
31/05/2022;1;528;1;5
09/06/2022;6;528;1;5
09/06/2022;7;528;1;5
14/06/2022;7;528;1;5
17/06/2022;9;528;1;5
20/06/2022;1;528;1;5
23/06/2022;6;528;1;5
14/08/2021;8;530;1;5
20/08/2021;9;530;1;5
30/08/2021;10;530;1;5
31/08/2021;7;530;1;5
15/09/2021;10;530;1;5
09/10/2021;7;530;1;5
11/10/2021;9;530;1;5
17/10/2021;8;530;1;5
22/10/2021;6;530;1;5
26/10/2021;1;530;1;5
31/10/2021;7;530;1;5
10/11/2021;4;530;1;5
28/11/2021;1;530;1;5
09/12/2021;4;530;1;5
09/12/2021;9;530;1;5
12/12/2021;7;530;1;5
13/12/2021;9;530;1;5
16/12/2021;6;530;1;5
24/12/2021;9;530;1;5
25/12/2021;9;530;1;5
15/01/2022;8;530;1;5
23/01/2022;7;530;1;5
26/01/2022;4;530;1;5
28/01/2022;10;530;1;5
29/01/2022;10;530;1;5
06/02/2022;4;530;1;5
14/02/2022;4;530;1;5
17/02/2022;1;530;1;5
18/02/2022;6;530;1;5
20/02/2022;9;530;1;5
24/02/2022;1;530;1;5
01/03/2022;6;530;1;5
02/03/2022;6;530;1;5
14/03/2022;9;530;1;5
25/03/2022;4;530;1;5
25/03/2022;6;530;1;5
07/04/2022;10;530;1;5
12/04/2022;4;530;1;5
19/04/2022;7;530;1;5
22/04/2022;8;530;1;5
25/04/2022;7;530;1;5
09/05/2022;6;530;1;5
26/05/2022;10;530;1;5
30/05/2022;10;530;1;5
06/06/2022;8;530;1;5
26/02/2022;5;540;1;33
14/08/2021;8;214;1;35
21/08/2021;8;214;1;35
21/01/2020;8;346;1;3400
01/04/2020;8;311;1;3578
20/08/2021;8;220;1;34
19/08/2021;8;223;1;9
14/08/2021;8;226;1;48
24/02/2020;8;314;1;3578
08/03/2020;8;350;1;3375
11/07/2021;8;232;1;48
30/04/2020;8;330;1;699
24/05/2020;8;322;1;699
28/10/2020;8;373;1;2182
09/01/2021;8;373;1;2182
01/04/2021;8;373;1;2182
11/07/2020;8;387;1;1000
22/07/2020;8;379;1;2182
16/11/2020;8;379;1;2182
12/12/2020;8;377;1;2182
15/08/2020;8;328;1;699
23/05/2021;8;328;1;699
22/02/2021;8;369;1;2443
25/10/2020;8;334;1;699
20/11/2020;8;360;1;2049
25/12/2020;8;389;1;1000
13/04/2021;8;362;1;2049
08/07/2021;8;381;1;1000
28/07/2021;8;485;1;22
29/07/2021;8;462;1;24
30/07/2021;8;604;1;540
06/08/2021;8;529;1;4
15/08/2021;8;538;1;21
06/09/2021;8;562;1;2384
09/09/2021;8;480;1;2
11/09/2021;8;538;1;21
17/09/2021;8;214;1;35
18/09/2021;8;373;1;2182
23/09/2021;8;491;1;54
26/09/2021;8;529;1;4
26/09/2021;8;536;1;30
26/09/2021;8;582;1;1701
28/09/2021;8;229;1;48
30/09/2021;8;538;1;21
03/10/2021;8;352;1;2071
09/10/2021;8;235;1;48
24/10/2021;8;541;1;29
26/10/2021;8;478;1;10
29/10/2021;8;235;1;48
31/10/2021;8;358;1;2049
31/10/2021;8;584;1;540
03/11/2021;8;375;1;2182
17/11/2021;8;584;1;540
18/11/2021;8;541;1;29
19/11/2021;8;214;1;35
20/11/2021;8;529;1;4
26/11/2021;8;484;1;8
01/12/2021;8;223;1;9
05/12/2021;8;385;1;1000
06/12/2021;8;563;1;2384
09/12/2021;8;479;1;9
12/12/2021;8;478;1;10
13/12/2021;8;223;1;9
15/12/2021;8;538;1;21
19/12/2021;8;220;1;34
20/12/2021;8;223;1;9
25/12/2021;8;223;1;9
26/12/2021;8;479;1;9
28/12/2021;8;214;1;35
31/12/2021;8;580;1;1701
02/01/2022;8;214;1;35
03/01/2022;8;480;1;2
08/01/2022;8;485;1;22
10/01/2022;8;215;1;34
17/01/2022;8;484;1;8
18/01/2022;8;220;1;34
20/01/2022;8;484;1;8
20/01/2022;8;538;1;21
21/01/2022;8;529;1;4
22/01/2022;8;529;1;4
31/01/2022;8;479;1;9
31/01/2022;8;535;1;25
02/02/2022;8;232;1;48
06/02/2022;8;535;1;25
07/02/2022;8;539;1;25
07/02/2022;8;562;1;2384
09/02/2022;8;226;1;48
16/02/2022;8;538;1;21
20/02/2022;8;229;1;48
22/02/2022;8;485;1;22
24/02/2022;8;478;1;10
24/02/2022;8;484;1;8
24/02/2022;8;588;1;769
24/02/2022;8;599;1;540
01/03/2022;8;215;1;34
01/03/2022;8;529;1;4
01/03/2022;8;582;1;1701
08/03/2022;8;215;1;34
12/03/2022;8;479;1;9
23/03/2022;8;536;1;30
26/03/2022;8;485;1;22
01/04/2022;8;383;1;1000
02/04/2022;8;220;1;34
04/04/2022;8;360;1;2049
05/04/2022;8;539;1;25
06/04/2022;8;605;1;540
07/04/2022;8;214;1;35
07/04/2022;8;480;1;2
10/04/2022;8;471;1;64
10/04/2022;8;560;1;1215
16/04/2022;8;529;1;4
17/04/2022;8;472;1;64
17/04/2022;8;605;1;540
20/04/2022;8;583;1;1701
22/04/2022;8;584;1;540
23/04/2022;8;538;1;21
30/04/2022;8;581;1;1701
04/05/2022;8;538;1;21
04/05/2022;8;571;1;742
05/05/2022;8;223;1;9
05/05/2022;8;541;1;29
16/05/2022;8;466;1;24
24/05/2022;8;536;1;30
25/05/2022;8;215;1;34
26/05/2022;8;539;1;25
27/05/2022;8;229;1;48
29/05/2022;8;214;1;35
01/06/2022;8;358;1;2049
01/06/2022;8;578;1;1215
08/06/2022;8;563;1;2384
08/06/2022;8;605;1;540
13/06/2022;8;476;1;70
13/06/2022;8;581;1;1701
15/06/2022;8;485;1;22
16/06/2022;8;480;1;2
20/06/2022;8;586;1;742
21/06/2022;8;482;1;9
21/06/2022;8;536;1;30
28/06/2022;8;381;1;1000
29/06/2022;8;541;1;29
28/03/2020;7;312;1;3578
09/07/2021;7;215;1;34
31/07/2021;7;220;1;34
27/05/2021;7;326;1;699
24/03/2021;7;330;1;699
14/05/2020;7;313;1;3578
16/05/2020;7;313;1;3578
04/04/2021;7;387;1;1000
28/07/2021;7;377;1;2182
30/10/2020;7;370;1;2443
18/03/2021;7;370;1;2443
25/06/2021;7;369;1;2443
11/05/2021;7;352;1;2071
31/03/2021;7;368;1;2443
26/05/2021;7;360;1;2049
12/07/2021;7;389;1;1000
26/08/2021;7;362;1;2049
16/01/2021;7;371;1;2182
18/08/2021;7;478;1;10
25/08/2021;7;487;1;55
15/07/2021;7;540;1;33
19/08/2021;7;540;1;33
15/07/2021;7;483;1;120
17/08/2021;7;539;1;25
30/08/2021;7;539;1;25
25/08/2021;7;529;1;4
29/08/2021;7;529;1;4
14/08/2021;7;538;1;21
02/09/2021;7;478;1;10
09/09/2021;7;478;1;10
21/09/2021;7;480;1;2
21/09/2021;7;529;1;4
09/10/2021;7;229;1;48
18/10/2021;7;482;1;9
22/10/2021;7;605;1;540
24/10/2021;7;466;1;24
28/10/2021;7;480;1;2
28/10/2021;7;484;1;8
28/10/2021;7;577;1;1215
09/11/2021;7;220;1;34
10/11/2021;7;479;1;9
14/11/2021;7;215;1;34
14/11/2021;7;538;1;21
18/11/2021;7;220;1;34
18/11/2021;7;487;1;55
26/11/2021;7;479;1;9
30/11/2021;7;476;1;70
01/12/2021;7;220;1;34
01/12/2021;7;586;1;742
07/12/2021;7;220;1;34
07/12/2021;7;595;1;565
10/12/2021;7;537;1;35
12/12/2021;7;214;1;35
12/12/2021;7;536;1;30
15/12/2021;7;489;1;54
23/12/2021;7;215;1;34
25/12/2021;7;215;1;34
30/12/2021;7;229;1;48
03/01/2022;7;540;1;33
05/01/2022;7;214;1;35
06/01/2022;7;479;1;9
06/01/2022;7;486;1;159
07/01/2022;7;373;1;2182
11/01/2022;7;220;1;34
11/01/2022;7;478;1;10
15/01/2022;7;538;1;21
20/01/2022;7;229;1;48
21/01/2022;7;214;1;35
26/01/2022;7;537;1;35
29/01/2022;7;536;1;30
01/02/2022;7;223;1;9
08/02/2022;7;215;1;34
09/02/2022;7;377;1;2182
10/02/2022;7;481;1;9
11/02/2022;7;356;1;2071
12/02/2022;7;529;1;4
13/02/2022;7;529;1;4
14/02/2022;7;362;1;2049
19/02/2022;7;354;1;2071
24/02/2022;7;540;1;33
26/02/2022;7;480;1;2
28/02/2022;7;536;1;30
03/03/2022;7;375;1;2182
06/03/2022;7;536;1;30
09/03/2022;7;214;1;35
09/03/2022;7;537;1;35
11/03/2022;7;541;1;29
13/03/2022;7;541;1;29
18/03/2022;7;473;1;64
18/03/2022;7;538;1;21
20/03/2022;7;360;1;2049
26/03/2022;7;223;1;9
27/03/2022;7;472;1;64
27/03/2022;7;537;1;35
28/03/2022;7;362;1;2049
29/03/2022;7;220;1;34
30/03/2022;7;529;1;4
31/03/2022;7;482;1;9
04/04/2022;7;561;1;2384
05/04/2022;7;539;1;25
08/04/2022;7;215;1;34
09/04/2022;7;220;1;34
11/04/2022;7;479;1;9
11/04/2022;7;480;1;2
12/04/2022;7;575;1;2384
15/04/2022;7;488;1;54
15/04/2022;7;489;1;54
18/04/2022;7;464;1;24
19/04/2022;7;486;1;159
22/04/2022;7;541;1;29
23/04/2022;7;529;1;4
24/04/2022;7;215;1;34
24/04/2022;7;352;1;2071
25/04/2022;7;484;1;8
26/04/2022;7;480;1;2
27/04/2022;7;215;1;34
30/04/2022;7;489;1;54
04/05/2022;7;539;1;25
06/05/2022;7;220;1;34
07/05/2022;7;538;1;21
09/05/2022;7;362;1;2049
10/05/2022;7;215;1;34
13/05/2022;7;220;1;34
14/05/2022;7;580;1;1701
17/05/2022;7;220;1;34
17/05/2022;7;568;1;742
20/05/2022;7;576;1;2384
23/05/2022;7;572;1;742
24/05/2022;7;573;1;2384
25/05/2022;7;466;1;24
26/05/2022;7;478;1;10
28/05/2022;7;371;1;2182
28/05/2022;7;540;1;33
31/05/2022;7;568;1;742
03/06/2022;7;538;1;21
05/06/2022;7;214;1;35
06/06/2022;7;223;1;9
11/06/2022;7;485;1;22
15/06/2022;7;475;1;70
16/06/2022;7;490;1;54
16/06/2022;7;535;1;25
19/06/2022;7;462;1;24
21/06/2022;7;220;1;34
21/06/2022;7;593;1;565
22/06/2022;7;540;1;33
25/06/2022;7;223;1;9
25/06/2022;7;529;1;4
26/06/2022;7;529;1;4
28/06/2022;7;575;1;2384
28/06/2022;7;591;1;565
29/06/2022;7;479;1;9
26/03/2020;10;312;1;3578
18/01/2020;10;310;1;3578
14/08/2021;10;215;1;34
23/07/2021;10;220;1;34
15/08/2021;10;226;1;48
27/11/2020;10;320;1;699
31/08/2020;10;373;1;2182
08/10/2020;10;354;1;2071
21/06/2021;10;368;1;2443
06/12/2020;10;360;1;2049
01/12/2020;10;356;1;2071
07/07/2021;10;358;1;2049
23/08/2021;10;362;1;2049
08/08/2021;10;371;1;2182
12/06/2021;10;381;1;1000
07/08/2021;10;479;1;9
08/07/2021;10;480;1;2
29/07/2021;10;480;1;2
24/08/2021;10;480;1;2
12/08/2021;10;464;1;24
15/07/2021;10;484;1;8
07/08/2021;10;537;1;35
12/08/2021;10;565;1;742
13/08/2021;10;590;1;769
04/09/2021;10;484;1;8
06/09/2021;10;223;1;9
10/09/2021;10;489;1;54
10/09/2021;10;529;1;4
11/09/2021;10;389;1;1000
13/09/2021;10;223;1;9
14/09/2021;10;537;1;35
14/09/2021;10;576;1;2384
15/09/2021;10;529;1;4
19/09/2021;10;581;1;1701
20/09/2021;10;538;1;21
23/09/2021;10;541;1;29
23/09/2021;10;561;1;2384
24/09/2021;10;215;1;34
27/09/2021;10;232;1;48
29/09/2021;10;540;1;33
01/10/2021;10;358;1;2049
02/10/2021;10;529;1;4
05/10/2021;10;466;1;24
07/10/2021;10;235;1;48
09/10/2021;10;464;1;24
09/10/2021;10;480;1;2
09/10/2021;10;529;1;4
10/10/2021;10;479;1;9
10/10/2021;10;535;1;25
12/10/2021;10;214;1;35
12/10/2021;10;215;1;34
13/10/2021;10;540;1;33
15/10/2021;10;352;1;2071
16/10/2021;10;381;1;1000
20/10/2021;10;478;1;10
25/10/2021;10;485;1;22
28/10/2021;10;471;1;64
30/10/2021;10;371;1;2182
02/11/2021;10;385;1;1000
05/11/2021;10;529;1;4
08/11/2021;10;536;1;30
10/11/2021;10;485;1;22
12/11/2021;10;541;1;29
14/11/2021;10;215;1;34
17/11/2021;10;385;1;1000
18/11/2021;10;529;1;4
18/11/2021;10;583;1;1701
18/11/2021;10;584;1;540
22/11/2021;10;214;1;35
24/11/2021;10;358;1;2049
24/11/2021;10;478;1;10
28/11/2021;10;478;1;10
29/11/2021;10;479;1;9
03/12/2021;10;220;1;34
05/12/2021;10;214;1;35
05/12/2021;10;215;1;34
07/12/2021;10;598;1;540
08/12/2021;10;462;1;24
12/12/2021;10;485;1;22
15/12/2021;10;480;1;2
16/12/2021;10;484;1;8
19/12/2021;10;356;1;2071
20/12/2021;10;575;1;2384
21/12/2021;10;480;1;2
25/12/2021;10;232;1;48
31/12/2021;10;479;1;9
01/01/2022;10;485;1;22
05/01/2022;10;480;1;2
08/01/2022;10;535;1;25
10/01/2022;10;535;1;25
11/01/2022;10;464;1;24
14/01/2022;10;229;1;48
14/01/2022;10;529;1;4
15/01/2022;10;478;1;10
16/01/2022;10;588;1;769
18/01/2022;10;529;1;4
19/01/2022;10;475;1;70
19/01/2022;10;539;1;25
20/01/2022;10;215;1;34
20/01/2022;10;573;1;2384
21/01/2022;10;479;1;9
22/01/2022;10;215;1;34
28/01/2022;10;481;1;9
02/02/2022;10;529;1;4
02/02/2022;10;538;1;21
03/02/2022;10;480;1;2
06/02/2022;10;487;1;55
06/02/2022;10;600;1;540
07/02/2022;10;478;1;10
07/02/2022;10;539;1;25
11/02/2022;10;539;1;25
12/02/2022;10;479;1;9
14/02/2022;10;480;1;2
20/02/2022;10;485;1;22
23/02/2022;10;475;1;70
01/03/2022;10;485;1;22
03/03/2022;10;223;1;9
04/03/2022;10;487;1;55
08/03/2022;10;606;1;540
12/03/2022;10;360;1;2049
18/03/2022;10;479;1;9
20/03/2022;10;538;1;21
21/03/2022;10;581;1;1701
22/03/2022;10;485;1;22
27/03/2022;10;214;1;35
28/03/2022;10;223;1;9
29/03/2022;10;214;1;35
29/03/2022;10;596;1;540
02/04/2022;10;480;1;2
03/04/2022;10;480;1;2
03/04/2022;10;535;1;25
07/04/2022;10;577;1;1215
08/04/2022;10;215;1;34
10/04/2022;10;383;1;1000
10/04/2022;10;566;1;742
12/04/2022;10;478;1;10
12/04/2022;10;606;1;540
14/04/2022;10;215;1;34
14/04/2022;10;529;1;4
14/04/2022;10;590;1;769
18/04/2022;10;479;1;9
18/04/2022;10;577;1;1215
19/04/2022;10;487;1;55
20/04/2022;10;482;1;9
25/04/2022;10;481;1;9
28/04/2022;10;215;1;34
28/04/2022;10;480;1;2
29/04/2022;10;358;1;2049
01/05/2022;10;479;1;9
07/05/2022;10;214;1;35
11/05/2022;10;541;1;29
12/05/2022;10;360;1;2049
12/05/2022;10;604;1;540
17/05/2022;10;214;1;35
25/05/2022;10;564;1;2384
26/05/2022;10;220;1;34
26/05/2022;10;235;1;48
28/05/2022;10;529;1;4
29/05/2022;10;485;1;22
03/06/2022;10;537;1;35
06/06/2022;10;536;1;30
14/06/2022;10;214;1;35
15/06/2022;10;478;1;10
16/06/2022;10;466;1;24
17/06/2022;10;352;1;2071
17/06/2022;10;597;1;540
18/06/2022;10;535;1;25
19/06/2022;10;563;1;2384
21/06/2022;10;220;1;34
24/06/2022;10;581;1;1701
27/06/2022;10;220;1;34
28/06/2022;10;487;1;55
30/06/2022;10;223;1;9
02/02/2020;6;312;1;3578
29/04/2020;6;310;1;3578
05/08/2021;6;220;1;34
28/08/2021;6;223;1;9
03/08/2021;6;229;1;48
15/08/2021;6;229;1;48
14/08/2021;6;235;1;48
21/03/2021;6;330;1;699
16/05/2020;6;313;1;3578
14/08/2020;6;377;1;2182
27/10/2020;6;368;1;2443
05/12/2020;6;389;1;1000
15/08/2021;6;478;1;10
16/08/2021;6;478;1;10
24/08/2021;6;478;1;10
07/08/2021;6;480;1;2
12/08/2021;6;480;1;2
03/08/2021;6;540;1;33
03/08/2021;6;537;1;35
30/08/2021;6;482;1;9
13/08/2021;6;529;1;4
01/09/2021;6;535;1;25
03/09/2021;6;574;1;2384
04/09/2021;6;541;1;29
05/09/2021;6;220;1;34
08/09/2021;6;475;1;70
12/09/2021;6;536;1;30
15/09/2021;6;215;1;34
15/09/2021;6;479;1;9
15/09/2021;6;529;1;4
16/09/2021;6;529;1;4
17/09/2021;6;464;1;24
19/09/2021;6;538;1;21
20/09/2021;6;387;1;1000
20/09/2021;6;479;1;9
23/09/2021;6;464;1;24
24/09/2021;6;474;1;70
26/09/2021;6;215;1;34
01/10/2021;6;232;1;48
04/10/2021;6;480;1;2
05/10/2021;6;480;1;2
07/10/2021;6;538;1;21
11/10/2021;6;600;1;540
12/10/2021;6;476;1;70
12/10/2021;6;537;1;35
12/10/2021;6;539;1;25
17/10/2021;6;480;1;2
21/10/2021;6;215;1;34
27/10/2021;6;220;1;34
29/10/2021;6;541;1;29
30/10/2021;6;475;1;70
01/11/2021;6;478;1;10
01/11/2021;6;529;1;4
02/11/2021;6;360;1;2049
07/11/2021;6;478;1;10
07/11/2021;6;540;1;33
12/11/2021;6;606;1;540
17/11/2021;6;605;1;540
18/11/2021;6;480;1;2
19/11/2021;6;584;1;540
20/11/2021;6;462;1;24
20/11/2021;6;538;1;21
22/11/2021;6;220;1;34
25/11/2021;6;484;1;8
01/12/2021;6;535;1;25
02/12/2021;6;474;1;70
03/12/2021;6;464;1;24
05/12/2021;6;478;1;10
06/12/2021;6;485;1;22
07/12/2021;6;474;1;70
09/12/2021;6;471;1;64
09/12/2021;6;475;1;70
12/12/2021;6;214;1;35
13/12/2021;6;529;1;4
14/12/2021;6;220;1;34
15/12/2021;6;577;1;1215
17/12/2021;6;537;1;35
20/12/2021;6;478;1;10
21/12/2021;6;360;1;2049
24/12/2021;6;462;1;24
28/12/2021;6;537;1;35
30/12/2021;6;482;1;9
31/12/2021;6;539;1;25
05/01/2022;6;536;1;30
09/01/2022;6;474;1;70
10/01/2022;6;462;1;24
10/01/2022;6;536;1;30
10/01/2022;6;538;1;21
12/01/2022;6;537;1;35
14/01/2022;6;485;1;22
17/01/2022;6;529;1;4
22/01/2022;6;535;1;25
22/01/2022;6;540;1;33
23/01/2022;6;223;1;9
24/01/2022;6;214;1;35
25/01/2022;6;479;1;9
26/01/2022;6;226;1;48
26/01/2022;6;537;1;35
27/01/2022;6;485;1;22
28/01/2022;6;536;1;30
29/01/2022;6;537;1;35
31/01/2022;6;537;1;35
05/02/2022;6;214;1;35
05/02/2022;6;478;1;10
05/02/2022;6;481;1;9
05/02/2022;6;535;1;25
08/02/2022;6;478;1;10
11/02/2022;6;529;1;4
12/02/2022;6;485;1;22
14/02/2022;6;535;1;25
17/02/2022;6;485;1;22
17/02/2022;6;490;1;54
24/02/2022;6;475;1;70
27/02/2022;6;583;1;1701
28/02/2022;6;478;1;10
03/03/2022;6;462;1;24
04/03/2022;6;232;1;48
05/03/2022;6;580;1;1701
06/03/2022;6;220;1;34
07/03/2022;6;476;1;70
09/03/2022;6;472;1;64
10/03/2022;6;478;1;10
11/03/2022;6;214;1;35
14/03/2022;6;529;1;4
15/03/2022;6;215;1;34
15/03/2022;6;480;1;2
17/03/2022;6;214;1;35
18/03/2022;6;464;1;24
21/03/2022;6;538;1;21
22/03/2022;6;538;1;21
23/03/2022;6;487;1;55
25/03/2022;6;214;1;35
27/03/2022;6;223;1;9
29/03/2022;6;480;1;2
30/03/2022;6;485;1;22
30/03/2022;6;537;1;35
31/03/2022;6;480;1;2
01/04/2022;6;229;1;48
03/04/2022;6;486;1;159
05/04/2022;6;480;1;2
10/04/2022;6;220;1;34
12/04/2022;6;576;1;2384
14/04/2022;6;480;1;2
23/04/2022;6;220;1;34
23/04/2022;6;466;1;24
25/04/2022;6;464;1;24
04/05/2022;6;476;1;70
06/05/2022;6;466;1;24
06/05/2022;6;485;1;22
10/05/2022;6;478;1;10
10/05/2022;6;537;1;35
11/05/2022;6;536;1;30
14/05/2022;6;483;1;120
14/05/2022;6;485;1;22
14/05/2022;6;536;1;30
15/05/2022;6;214;1;35
15/05/2022;6;235;1;48
15/05/2022;6;485;1;22
16/05/2022;6;480;1;2
16/05/2022;6;537;1;35
20/05/2022;6;226;1;48
21/05/2022;6;214;1;35
24/05/2022;6;362;1;2049
31/05/2022;6;360;1;2049
31/05/2022;6;535;1;25
31/05/2022;6;536;1;30
01/06/2022;6;582;1;1701
04/06/2022;6;466;1;24
06/06/2022;6;476;1;70
06/06/2022;6;485;1;22
07/06/2022;6;235;1;48
11/06/2022;6;223;1;9
14/06/2022;6;229;1;48
15/06/2022;6;220;1;34
15/06/2022;6;529;1;4
22/06/2022;6;220;1;34
22/06/2022;6;476;1;70
22/06/2022;6;488;1;54
25/06/2022;6;223;1;9
30/06/2022;6;491;1;54
15/02/2020;1;312;1;3578
21/08/2021;1;214;1;35
13/05/2020;1;310;1;3578
16/07/2021;1;223;1;9
27/04/2020;1;314;1;3578
24/11/2020;1;330;1;699
30/05/2020;1;313;1;3578
01/05/2021;1;322;1;699
25/04/2021;1;320;1;699
13/08/2021;1;387;1;1000
15/08/2020;1;377;1;2182
19/06/2021;1;328;1;699
10/09/2020;1;354;1;2071
01/02/2021;1;354;1;2071
03/10/2020;1;352;1;2071
12/03/2021;1;336;1;699
18/08/2021;1;360;1;2049
04/08/2021;1;478;1;10
31/08/2021;1;480;1;2
15/07/2021;1;540;1;33
28/08/2021;1;540;1;33
26/08/2021;1;476;1;70
24/08/2021;1;486;1;159
15/08/2021;1;529;1;4
08/08/2021;1;536;1;30
15/08/2021;1;536;1;30
24/08/2021;1;535;1;25
31/08/2021;1;568;1;742
01/09/2021;1;220;1;34
03/09/2021;1;538;1;21
06/09/2021;1;214;1;35
15/09/2021;1;387;1;1000
16/09/2021;1;478;1;10
16/09/2021;1;537;1;35
18/09/2021;1;540;1;33
19/09/2021;1;220;1;34
19/09/2021;1;389;1;1000
21/09/2021;1;538;1;21
24/09/2021;1;232;1;48
24/09/2021;1;535;1;25
25/09/2021;1;539;1;25
26/09/2021;1;483;1;120
26/09/2021;1;538;1;21
26/09/2021;1;593;1;565
30/09/2021;1;471;1;64
02/10/2021;1;480;1;2
02/10/2021;1;535;1;25
05/10/2021;1;485;1;22
08/10/2021;1;536;1;30
09/10/2021;1;223;1;9
09/10/2021;1;478;1;10
11/10/2021;1;580;1;1701
14/10/2021;1;581;1;1701
15/10/2021;1;604;1;540
20/10/2021;1;466;1;24
20/10/2021;1;480;1;2
20/10/2021;1;535;1;25
21/10/2021;1;223;1;9
22/10/2021;1;605;1;540
23/10/2021;1;223;1;9
26/10/2021;1;389;1;1000
26/10/2021;1;529;1;4
31/10/2021;1;596;1;540
05/11/2021;1;478;1;10
06/11/2021;1;485;1;22
07/11/2021;1;354;1;2071
08/11/2021;1;478;1;10
09/11/2021;1;478;1;10
10/11/2021;1;362;1;2049
11/11/2021;1;220;1;34
13/11/2021;1;479;1;9
13/11/2021;1;562;1;2384
14/11/2021;1;466;1;24
14/11/2021;1;589;1;769
15/11/2021;1;480;1;2
17/11/2021;1;480;1;2
18/11/2021;1;479;1;9
21/11/2021;1;220;1;34
21/11/2021;1;226;1;48
23/11/2021;1;478;1;10
23/11/2021;1;479;1;9
24/11/2021;1;220;1;34
28/11/2021;1;480;1;2
28/11/2021;1;483;1;120
29/11/2021;1;535;1;25
30/11/2021;1;476;1;70
01/12/2021;1;215;1;34
03/12/2021;1;535;1;25
04/12/2021;1;478;1;10
04/12/2021;1;539;1;25
11/12/2021;1;371;1;2182
13/12/2021;1;480;1;2
13/12/2021;1;485;1;22
14/12/2021;1;540;1;33
15/12/2021;1;362;1;2049
15/12/2021;1;478;1;10
16/12/2021;1;480;1;2
17/12/2021;1;474;1;70
17/12/2021;1;539;1;25
18/12/2021;1;358;1;2049
20/12/2021;1;529;1;4
22/12/2021;1;385;1;1000
24/12/2021;1;480;1;2
24/12/2021;1;537;1;35
24/12/2021;1;539;1;25
25/12/2021;1;214;1;35
25/12/2021;1;220;1;34
26/12/2021;1;232;1;48
26/12/2021;1;479;1;9
28/12/2021;1;584;1;540
29/12/2021;1;484;1;8
30/12/2021;1;215;1;34
30/12/2021;1;535;1;25
30/12/2021;1;540;1;33
02/01/2022;1;537;1;35
03/01/2022;1;487;1;55
05/01/2022;1;479;1;9
07/01/2022;1;220;1;34
07/01/2022;1;490;1;54
08/01/2022;1;480;1;2
08/01/2022;1;489;1;54
10/01/2022;1;220;1;34
11/01/2022;1;484;1;8
11/01/2022;1;588;1;769
14/01/2022;1;358;1;2049
15/01/2022;1;232;1;48
15/01/2022;1;541;1;29
19/01/2022;1;478;1;10
25/01/2022;1;529;1;4
27/01/2022;1;472;1;64
28/01/2022;1;537;1;35
01/02/2022;1;480;1;2
01/02/2022;1;600;1;540
06/02/2022;1;223;1;9
06/02/2022;1;485;1;22
07/02/2022;1;582;1;1701
10/02/2022;1;223;1;9
11/02/2022;1;476;1;70
14/02/2022;1;229;1;48
17/02/2022;1;214;1;35
17/02/2022;1;536;1;30
20/02/2022;1;214;1;35
20/02/2022;1;371;1;2182
25/02/2022;1;466;1;24
25/02/2022;1;480;1;2
26/02/2022;1;537;1;35
27/02/2022;1;235;1;48
27/02/2022;1;538;1;21
01/03/2022;1;480;1;2
02/03/2022;1;485;1;22
03/03/2022;1;215;1;34
03/03/2022;1;540;1;33
07/03/2022;1;223;1;9
08/03/2022;1;490;1;54
09/03/2022;1;352;1;2071
16/03/2022;1;471;1;64
18/03/2022;1;356;1;2071
20/03/2022;1;480;1;2
21/03/2022;1;540;1;33
21/03/2022;1;604;1;540
22/03/2022;1;478;1;10
26/03/2022;1;220;1;34
28/03/2022;1;215;1;34
29/03/2022;1;220;1;34
29/03/2022;1;475;1;70
30/03/2022;1;479;1;9
30/03/2022;1;566;1;742
31/03/2022;1;387;1;1000
06/04/2022;1;220;1;34
06/04/2022;1;356;1;2071
11/04/2022;1;537;1;35
15/04/2022;1;490;1;54
17/04/2022;1;539;1;25
18/04/2022;1;383;1;1000
23/04/2022;1;484;1;8
25/04/2022;1;485;1;22
26/04/2022;1;220;1;34
26/04/2022;1;480;1;2
27/04/2022;1;480;1;2
27/04/2022;1;529;1;4
29/04/2022;1;541;1;29
30/04/2022;1;480;1;2
01/05/2022;1;485;1;22
05/05/2022;1;483;1;120
09/05/2022;1;484;1;8
10/05/2022;1;578;1;1215
11/05/2022;1;223;1;9
11/05/2022;1;480;1;2
15/05/2022;1;480;1;2
15/05/2022;1;489;1;54
16/05/2022;1;569;1;742
17/05/2022;1;478;1;10
19/05/2022;1;480;1;2
20/05/2022;1;471;1;64
21/05/2022;1;358;1;2049
21/05/2022;1;535;1;25
23/05/2022;1;354;1;2071
23/05/2022;1;606;1;540
24/05/2022;1;462;1;24
25/05/2022;1;474;1;70
27/05/2022;1;214;1;35
29/05/2022;1;362;1;2049
30/05/2022;1;479;1;9
30/05/2022;1;529;1;4
30/05/2022;1;538;1;21
02/06/2022;1;481;1;9
03/06/2022;1;538;1;21
05/06/2022;1;220;1;34
07/06/2022;1;462;1;24
07/06/2022;1;539;1;25
07/06/2022;1;574;1;2384
08/06/2022;1;356;1;2071
08/06/2022;1;537;1;35
09/06/2022;1;478;1;10
09/06/2022;1;535;1;25
10/06/2022;1;466;1;24
10/06/2022;1;581;1;1701
14/06/2022;1;537;1;35
15/06/2022;1;223;1;9
17/06/2022;1;354;1;2071
17/06/2022;1;481;1;9
19/06/2022;1;356;1;2071
22/06/2022;1;232;1;48
22/06/2022;1;485;1;22
24/06/2022;1;479;1;9
24/06/2022;1;480;1;2
24/06/2022;1;485;1;22
24/06/2022;1;487;1;55
26/06/2022;1;472;1;64
28/06/2022;1;214;1;35
28/06/2022;1;480;1;2
28/06/2022;1;587;1;769
01/05/2020;4;312;1;3578
25/08/2021;4;215;1;34
14/03/2020;4;346;1;3400
22/01/2020;4;311;1;3578
22/03/2020;4;311;1;3578
17/08/2021;4;220;1;34
22/08/2021;4;220;1;34
30/05/2020;4;314;1;3578
25/08/2021;4;232;1;48
25/04/2020;4;324;1;699
04/12/2020;4;324;1;699
05/06/2020;4;313;1;3578
07/06/2020;4;342;1;699
03/07/2020;4;373;1;2182
27/04/2021;4;373;1;2182
26/08/2020;4;387;1;1000
16/12/2020;4;377;1;2182
28/08/2020;4;370;1;2443
31/05/2021;4;369;1;2443
18/12/2020;4;352;1;2071
13/07/2021;4;352;1;2071
23/01/2021;4;332;1;699
15/06/2021;4;332;1;699
31/01/2021;4;360;1;2049
10/06/2021;4;356;1;2071
16/08/2021;4;356;1;2071
21/05/2021;4;371;1;2182
13/06/2021;4;371;1;2182
14/02/2021;4;381;1;1000
11/08/2021;4;385;1;1000
12/07/2021;4;478;1;10
15/07/2021;4;478;1;10
13/08/2021;4;478;1;10
24/08/2021;4;478;1;10
24/08/2021;4;480;1;2
01/08/2021;4;487;1;55
13/08/2021;4;487;1;55
16/08/2021;4;485;1;22
14/07/2021;4;605;1;540
30/08/2021;4;464;1;24
31/07/2021;4;540;1;33
05/08/2021;4;484;1;8
19/07/2021;4;537;1;35
24/08/2021;4;486;1;159
29/08/2021;4;489;1;54
12/08/2021;4;529;1;4
20/08/2021;4;529;1;4
12/08/2021;4;535;1;25
25/08/2021;4;565;1;742
28/08/2021;4;575;1;2384
03/09/2021;4;466;1;24
05/09/2021;4;362;1;2049
05/09/2021;4;537;1;35
06/09/2021;4;478;1;10
07/09/2021;4;220;1;34
12/09/2021;4;214;1;35
13/09/2021;4;358;1;2049
13/09/2021;4;474;1;70
17/09/2021;4;464;1;24
22/09/2021;4;535;1;25
26/09/2021;4;485;1;22
30/09/2021;4;605;1;540
01/10/2021;4;478;1;10
02/10/2021;4;214;1;35
02/10/2021;4;529;1;4
04/10/2021;4;479;1;9
04/10/2021;4;487;1;55
06/10/2021;4;485;1;22
09/10/2021;4;223;1;9
10/10/2021;4;232;1;48
10/10/2021;4;464;1;24
10/10/2021;4;537;1;35
14/10/2021;4;215;1;34
16/10/2021;4;479;1;9
16/10/2021;4;485;1;22
19/10/2021;4;589;1;769
21/10/2021;4;482;1;9
23/10/2021;4;360;1;2049
23/10/2021;4;485;1;22
24/10/2021;4;214;1;35
25/10/2021;4;540;1;33
25/10/2021;4;606;1;540
26/10/2021;4;488;1;54
28/10/2021;4;223;1;9
29/10/2021;4;581;1;1701
30/10/2021;4;537;1;35
31/10/2021;4;215;1;34
02/11/2021;4;215;1;34
03/11/2021;4;474;1;70
03/11/2021;4;541;1;29
04/11/2021;4;466;1;24
08/11/2021;4;472;1;64
12/11/2021;4;480;1;2
14/11/2021;4;478;1;10
15/11/2021;4;478;1;10
15/11/2021;4;560;1;1215
16/11/2021;4;538;1;21
19/11/2021;4;220;1;34
19/11/2021;4;377;1;2182
19/11/2021;4;486;1;159
19/11/2021;4;541;1;29
20/11/2021;4;481;1;9
21/11/2021;4;362;1;2049
21/11/2021;4;464;1;24
22/11/2021;4;356;1;2071
22/11/2021;4;485;1;22
23/11/2021;4;215;1;34
23/11/2021;4;476;1;70
25/11/2021;4;485;1;22
26/11/2021;4;529;1;4
30/11/2021;4;214;1;35
30/11/2021;4;535;1;25
05/12/2021;4;214;1;35
06/12/2021;4;215;1;34
07/12/2021;4;466;1;24
07/12/2021;4;540;1;33
08/12/2021;4;214;1;35
09/12/2021;4;223;1;9
09/12/2021;4;480;1;2
09/12/2021;4;537;1;35
12/12/2021;4;220;1;34
13/12/2021;4;535;1;25
14/12/2021;4;479;1;9
17/12/2021;4;220;1;34
17/12/2021;4;583;1;1701
23/12/2021;4;215;1;34
23/12/2021;4;488;1;54
24/12/2021;4;481;1;9
25/12/2021;4;476;1;70
25/12/2021;4;588;1;769
26/12/2021;4;214;1;35
28/12/2021;4;214;1;35
28/12/2021;4;538;1;21
30/12/2021;4;381;1;1000
30/12/2021;4;484;1;8
31/12/2021;4;223;1;9
31/12/2021;4;537;1;35
02/01/2022;4;215;1;34
02/01/2022;4;479;1;9
03/01/2022;4;485;1;22
04/01/2022;4;536;1;30
09/01/2022;4;478;1;10
09/01/2022;4;479;1;9
10/01/2022;4;577;1;1215
11/01/2022;4;529;1;4
11/01/2022;4;537;1;35
12/01/2022;4;484;1;8
13/01/2022;4;529;1;4
17/01/2022;4;214;1;35
17/01/2022;4;220;1;34
18/01/2022;4;487;1;55
22/01/2022;4;529;1;4
26/01/2022;4;480;1;2
28/01/2022;4;485;1;22
29/01/2022;4;606;1;540
01/02/2022;4;485;1;22
04/02/2022;4;529;1;4
05/02/2022;4;541;1;29
06/02/2022;4;479;1;9
06/02/2022;4;539;1;25
07/02/2022;4;476;1;70
07/02/2022;4;487;1;55
08/02/2022;4;215;1;34
08/02/2022;4;478;1;10
12/02/2022;4;480;1;2
15/02/2022;4;223;1;9
15/02/2022;4;536;1;30
15/02/2022;4;541;1;29
17/02/2022;4;214;1;35
18/02/2022;4;220;1;34
19/02/2022;4;529;1;4
19/02/2022;4;537;1;35
20/02/2022;4;573;1;2384
22/02/2022;4;223;1;9
22/02/2022;4;232;1;48
23/02/2022;4;226;1;48
23/02/2022;4;462;1;24
23/02/2022;4;475;1;70
24/02/2022;4;220;1;34
27/02/2022;4;529;1;4
28/02/2022;4;478;1;10
01/03/2022;4;535;1;25
01/03/2022;4;595;1;565
04/03/2022;4;479;1;9
05/03/2022;4;354;1;2071
07/03/2022;4;491;1;54
07/03/2022;4;535;1;25
07/03/2022;4;575;1;2384
08/03/2022;4;538;1;21
11/03/2022;4;478;1;10
11/03/2022;4;485;1;22
12/03/2022;4;232;1;48
12/03/2022;4;577;1;1215
13/03/2022;4;482;1;9
14/03/2022;4;232;1;48
16/03/2022;4;538;1;21
16/03/2022;4;571;1;742
16/03/2022;4;587;1;769
17/03/2022;4;480;1;2
17/03/2022;4;535;1;25
18/03/2022;4;529;1;4
19/03/2022;4;478;1;10
20/03/2022;4;490;1;54
20/03/2022;4;605;1;540
26/03/2022;4;483;1;120
27/03/2022;4;479;1;9
28/03/2022;4;214;1;35
28/03/2022;4;537;1;35
29/03/2022;4;475;1;70
31/03/2022;4;482;1;9
01/04/2022;4;215;1;34
01/04/2022;4;354;1;2071
01/04/2022;4;580;1;1701
03/04/2022;4;491;1;54
04/04/2022;4;480;1;2
04/04/2022;4;538;1;21
06/04/2022;4;214;1;35
06/04/2022;4;574;1;2384
08/04/2022;4;476;1;70
08/04/2022;4;540;1;33
11/04/2022;4;536;1;30
11/04/2022;4;588;1;769
14/04/2022;4;590;1;769
16/04/2022;4;479;1;9
16/04/2022;4;537;1;35
16/04/2022;4;581;1;1701
18/04/2022;4;561;1;2384
19/04/2022;4;214;1;35
19/04/2022;4;478;1;10
21/04/2022;4;235;1;48
23/04/2022;4;215;1;34
23/04/2022;4;226;1;48
23/04/2022;4;480;1;2
24/04/2022;4;220;1;34
26/04/2022;4;478;1;10
26/04/2022;4;480;1;2
27/04/2022;4;215;1;34
27/04/2022;4;529;1;4
28/04/2022;4;358;1;2049
29/04/2022;4;474;1;70
29/04/2022;4;490;1;54
30/04/2022;4;215;1;34
30/04/2022;4;478;1;10
01/05/2022;4;215;1;34
01/05/2022;4;360;1;2049
02/05/2022;4;214;1;35
04/05/2022;4;606;1;540
05/05/2022;4;480;1;2
05/05/2022;4;483;1;120
06/05/2022;4;215;1;34
07/05/2022;4;578;1;1215
08/05/2022;4;476;1;70
08/05/2022;4;537;1;35
09/05/2022;4;220;1;34
10/05/2022;4;385;1;1000
10/05/2022;4;480;1;2
12/05/2022;4;214;1;35
12/05/2022;4;229;1;48
12/05/2022;4;479;1;9
12/05/2022;4;606;1;540
14/05/2022;4;485;1;22
14/05/2022;4;529;1;4
19/05/2022;4;223;1;9
20/05/2022;4;573;1;2384
20/05/2022;4;582;1;1701
21/05/2022;4;226;1;48
21/05/2022;4;537;1;35
22/05/2022;4;214;1;35
22/05/2022;4;478;1;10
22/05/2022;4;487;1;55
23/05/2022;4;574;1;2384
23/05/2022;4;577;1;1215
27/05/2022;4;538;1;21
28/05/2022;4;226;1;48
30/05/2022;4;478;1;10
30/05/2022;4;480;1;2
30/05/2022;4;605;1;540
07/06/2022;4;352;1;2071
07/06/2022;4;464;1;24
07/06/2022;4;478;1;10
07/06/2022;4;485;1;22
08/06/2022;4;360;1;2049
11/06/2022;4;479;1;9
12/06/2022;4;478;1;10
13/06/2022;4;220;1;34
14/06/2022;4;462;1;24
20/06/2022;4;479;1;9
22/06/2022;4;529;1;4
27/06/2022;4;478;1;10
27/06/2022;4;537;1;35
28/06/2022;4;387;1;1000
29/06/2022;4;356;1;2071
29/06/2022;4;587;1;769
18/01/2020;9;312;1;3578
15/04/2020;9;312;1;3578
21/04/2020;9;312;1;3578
24/08/2021;9;214;1;35
20/04/2020;9;310;1;3578
19/02/2020;9;311;1;3578
29/03/2020;9;311;1;3578
07/04/2020;9;311;1;3578
09/04/2020;9;311;1;3578
10/08/2021;9;220;1;34
26/08/2021;9;226;1;48
28/03/2020;9;314;1;3578
22/05/2020;9;314;1;3578
20/08/2021;9;229;1;48
13/03/2020;9;350;1;3375
15/03/2020;9;340;1;699
07/04/2020;9;351;1;3375
07/05/2020;9;351;1;3375
10/04/2020;9;326;1;699
23/11/2020;9;326;1;699
16/04/2020;9;349;1;3375
06/05/2020;9;324;1;699
29/04/2020;9;348;1;3375
26/01/2021;9;330;1;699
12/02/2021;9;330;1;699
20/06/2020;9;347;1;3400
24/06/2020;9;320;1;699
09/08/2021;9;373;1;2182
12/10/2020;9;379;1;2182
12/12/2020;9;379;1;2182
14/12/2020;9;377;1;2182
20/02/2021;9;377;1;2182
23/07/2021;9;377;1;2182
20/02/2021;9;328;1;699
25/02/2021;9;370;1;2443
03/05/2021;9;370;1;2443
03/09/2020;9;369;1;2443
23/10/2020;9;354;1;2071
23/01/2021;9;354;1;2071
16/05/2021;9;354;1;2071
03/07/2021;9;354;1;2071
07/10/2020;9;352;1;2071
08/03/2021;9;352;1;2071
01/05/2021;9;352;1;2071
10/12/2020;9;334;1;699
20/03/2021;9;360;1;2049
04/07/2021;9;356;1;2071
11/12/2020;9;375;1;2182
29/03/2021;9;375;1;2182
02/07/2021;9;375;1;2182
07/08/2021;9;375;1;2182
12/12/2020;9;362;1;2049
07/01/2021;9;362;1;2049
22/02/2021;9;362;1;2049
27/06/2021;9;362;1;2049
13/07/2021;9;371;1;2182
10/01/2021;9;381;1;1000
03/07/2021;9;479;1;9
30/08/2021;9;479;1;9
08/07/2021;9;478;1;10
08/07/2021;9;480;1;2
29/07/2021;9;480;1;2
07/08/2021;9;480;1;2
24/08/2021;9;480;1;2
08/07/2021;9;487;1;55
26/07/2021;9;487;1;55
29/07/2021;9;487;1;55
13/07/2021;9;485;1;22
09/08/2021;9;540;1;33
25/08/2021;9;540;1;33
26/08/2021;9;466;1;24
25/07/2021;9;537;1;35
01/08/2021;9;486;1;159
31/07/2021;9;489;1;54
02/08/2021;9;539;1;25
17/08/2021;9;529;1;4
20/08/2021;9;529;1;4
30/08/2021;9;529;1;4
09/08/2021;9;535;1;25
31/08/2021;9;480;1;2
02/09/2021;9;385;1;1000
03/09/2021;9;362;1;2049
03/09/2021;9;480;1;2
03/09/2021;9;561;1;2384
05/09/2021;9;485;1;22
06/09/2021;9;480;1;2
07/09/2021;9;358;1;2049
08/09/2021;9;360;1;2049
08/09/2021;9;538;1;21
10/09/2021;9;385;1;1000
11/09/2021;9;480;1;2
13/09/2021;9;478;1;10
18/09/2021;9;529;1;4
26/09/2021;9;488;1;54
28/09/2021;9;223;1;9
30/09/2021;9;605;1;540
02/10/2021;9;215;1;34
04/10/2021;9;214;1;35
06/10/2021;9;223;1;9
06/10/2021;9;360;1;2049
06/10/2021;9;478;1;10
06/10/2021;9;488;1;54
08/10/2021;9;480;1;2
08/10/2021;9;540;1;33
10/10/2021;9;478;1;10
10/10/2021;9;529;1;4
10/10/2021;9;535;1;25
12/10/2021;9;360;1;2049
13/10/2021;9;223;1;9
13/10/2021;9;383;1;1000
16/10/2021;9;489;1;54
17/10/2021;9;485;1;22
17/10/2021;9;538;1;21
19/10/2021;9;220;1;34
19/10/2021;9;354;1;2071
20/10/2021;9;464;1;24
21/10/2021;9;537;1;35
21/10/2021;9;539;1;25
22/10/2021;9;479;1;9
22/10/2021;9;537;1;35
25/10/2021;9;481;1;9
26/10/2021;9;541;1;29
27/10/2021;9;489;1;54
28/10/2021;9;220;1;34
29/10/2021;9;538;1;21
30/10/2021;9;358;1;2049
31/10/2021;9;604;1;540
02/11/2021;9;214;1;35
03/11/2021;9;489;1;54
05/11/2021;9;480;1;2
07/11/2021;9;535;1;25
07/11/2021;9;537;1;35
07/11/2021;9;604;1;540
12/11/2021;9;535;1;25
13/11/2021;9;375;1;2182
14/11/2021;9;537;1;35
14/11/2021;9;592;1;565
17/11/2021;9;487;1;55
18/11/2021;9;220;1;34
19/11/2021;9;214;1;35
19/11/2021;9;582;1;1701
20/11/2021;9;487;1;55
22/11/2021;9;489;1;54
23/11/2021;9;214;1;35
24/11/2021;9;536;1;30
27/11/2021;9;462;1;24
28/11/2021;9;215;1;34
28/11/2021;9;589;1;769
30/11/2021;9;606;1;540
01/12/2021;9;214;1;35
01/12/2021;9;540;1;33
03/12/2021;9;488;1;54
04/12/2021;9;529;1;4
07/12/2021;9;564;1;2384
08/12/2021;9;490;1;54
08/12/2021;9;577;1;1215
09/12/2021;9;479;1;9
10/12/2021;9;478;1;10
11/12/2021;9;476;1;70
13/12/2021;9;486;1;159
15/12/2021;9;535;1;25
15/12/2021;9;572;1;742
16/12/2021;9;385;1;1000
19/12/2021;9;576;1;2384
20/12/2021;9;535;1;25
23/12/2021;9;484;1;8
24/12/2021;9;529;1;4
25/12/2021;9;229;1;48
26/12/2021;9;387;1;1000
27/12/2021;9;479;1;9
27/12/2021;9;480;1;2
28/12/2021;9;562;1;2384
28/12/2021;9;605;1;540
02/01/2022;9;214;1;35
02/01/2022;9;561;1;2384
04/01/2022;9;484;1;8
06/01/2022;9;223;1;9
06/01/2022;9;385;1;1000
09/01/2022;9;214;1;35
11/01/2022;9;215;1;34
11/01/2022;9;484;1;8
11/01/2022;9;576;1;2384
12/01/2022;9;473;1;64
12/01/2022;9;479;1;9
13/01/2022;9;473;1;64
14/01/2022;9;371;1;2182
15/01/2022;9;360;1;2049
15/01/2022;9;488;1;54
15/01/2022;9;529;1;4
16/01/2022;9;540;1;33
17/01/2022;9;485;1;22
18/01/2022;9;471;1;64
18/01/2022;9;474;1;70
19/01/2022;9;214;1;35
19/01/2022;9;541;1;29
20/01/2022;9;485;1;22
21/01/2022;9;489;1;54
22/01/2022;9;215;1;34
28/01/2022;9;358;1;2049
28/01/2022;9;371;1;2182
28/01/2022;9;487;1;55
29/01/2022;9;466;1;24
30/01/2022;9;462;1;24
04/02/2022;9;560;1;1215
05/02/2022;9;478;1;10
05/02/2022;9;604;1;540
07/02/2022;9;472;1;64
12/02/2022;9;480;1;2
12/02/2022;9;485;1;22
13/02/2022;9;214;1;35
15/02/2022;9;606;1;540
17/02/2022;9;385;1;1000
19/02/2022;9;583;1;1701
21/02/2022;9;580;1;1701
22/02/2022;9;479;1;9
22/02/2022;9;484;1;8
23/02/2022;9;539;1;25
24/02/2022;9;562;1;2384
27/02/2022;9;226;1;48
27/02/2022;9;478;1;10
28/02/2022;9;479;1;9
28/02/2022;9;482;1;9
28/02/2022;9;539;1;25
01/03/2022;9;220;1;34
02/03/2022;9;474;1;70
05/03/2022;9;223;1;9
07/03/2022;9;214;1;35
08/03/2022;9;354;1;2071
08/03/2022;9;605;1;540
09/03/2022;9;536;1;30
13/03/2022;9;352;1;2071
13/03/2022;9;358;1;2049
14/03/2022;9;606;1;540
16/03/2022;9;489;1;54
16/03/2022;9;537;1;35
17/03/2022;9;541;1;29
18/03/2022;9;538;1;21
19/03/2022;9;475;1;70
20/03/2022;9;466;1;24
21/03/2022;9;220;1;34
21/03/2022;9;573;1;2384
22/03/2022;9;220;1;34
22/03/2022;9;480;1;2
25/03/2022;9;538;1;21
28/03/2022;9;223;1;9
28/03/2022;9;473;1;64
28/03/2022;9;476;1;70
03/04/2022;9;235;1;48
03/04/2022;9;536;1;30
03/04/2022;9;564;1;2384
08/04/2022;9;488;1;54
09/04/2022;9;539;1;25
10/04/2022;9;484;1;8
11/04/2022;9;375;1;2182
11/04/2022;9;484;1;8
11/04/2022;9;563;1;2384
13/04/2022;9;483;1;120
15/04/2022;9;480;1;2
17/04/2022;9;565;1;742
17/04/2022;9;567;1;742
18/04/2022;9;479;1;9
21/04/2022;9;383;1;1000
23/04/2022;9;480;1;2
24/04/2022;9;589;1;769
25/04/2022;9;479;1;9
25/04/2022;9;538;1;21
26/04/2022;9;488;1;54
27/04/2022;9;214;1;35
27/04/2022;9;580;1;1701
28/04/2022;9;377;1;2182
28/04/2022;9;535;1;25
30/04/2022;9;480;1;2
02/05/2022;9;480;1;2
03/05/2022;9;529;1;4
05/05/2022;9;480;1;2
05/05/2022;9;487;1;55
06/05/2022;9;480;1;2
08/05/2022;9;223;1;9
08/05/2022;9;535;1;25
09/05/2022;9;480;1;2
09/05/2022;9;537;1;35
15/05/2022;9;214;1;35
16/05/2022;9;214;1;35
16/05/2022;9;487;1;55
16/05/2022;9;488;1;54
18/05/2022;9;536;1;30
19/05/2022;9;214;1;35
19/05/2022;9;389;1;1000
21/05/2022;9;487;1;55
22/05/2022;9;215;1;34
24/05/2022;9;562;1;2384
24/05/2022;9;579;1;1215
25/05/2022;9;223;1;9
25/05/2022;9;488;1;54
26/05/2022;9;479;1;9
28/05/2022;9;220;1;34
28/05/2022;9;482;1;9
29/05/2022;9;214;1;35
29/05/2022;9;220;1;34
29/05/2022;9;379;1;2182
29/05/2022;9;462;1;24
29/05/2022;9;478;1;10
30/05/2022;9;220;1;34
30/05/2022;9;480;1;2
30/05/2022;9;537;1;35
30/05/2022;9;582;1;1701
31/05/2022;9;484;1;8
31/05/2022;9;584;1;540
03/06/2022;9;478;1;10
03/06/2022;9;479;1;9
03/06/2022;9;488;1;54
06/06/2022;9;360;1;2049
07/06/2022;9;352;1;2071
07/06/2022;9;464;1;24
07/06/2022;9;537;1;35
07/06/2022;9;538;1;21
08/06/2022;9;485;1;22
09/06/2022;9;387;1;1000
09/06/2022;9;471;1;64
11/06/2022;9;485;1;22
11/06/2022;9;529;1;4
11/06/2022;9;584;1;540
12/06/2022;9;214;1;35
12/06/2022;9;529;1;4
12/06/2022;9;537;1;35
13/06/2022;9;214;1;35
13/06/2022;9;215;1;34
14/06/2022;9;491;1;54
15/06/2022;9;480;1;2
16/06/2022;9;479;1;9
17/06/2022;9;489;1;54
17/06/2022;9;535;1;25
19/06/2022;9;487;1;55
20/06/2022;9;362;1;2049
21/06/2022;9;462;1;24
22/06/2022;9;584;1;540
23/06/2022;9;539;1;25
23/06/2022;9;562;1;2384
23/06/2022;9;563;1;2384
24/06/2022;9;474;1;70
25/06/2022;9;478;1;10
25/06/2022;9;484;1;8
25/06/2022;9;539;1;25
26/06/2022;9;538;1;21
13/10/2020;9;352;2;2071
19/08/2021;4;477;2;5
30/08/2021;1;480;2;2
16/09/2021;6;478;2;10
30/09/2021;6;528;2;5
06/11/2021;4;477;2;5
07/11/2021;4;477;2;5
01/01/2022;9;479;2;9
18/01/2022;6;481;2;9
24/01/2022;9;477;2;5
04/02/2022;8;480;2;2
11/02/2022;6;478;2;10
17/02/2022;4;605;2;540
24/02/2022;9;477;2;5
01/03/2022;4;477;2;5
13/03/2022;8;480;2;2
06/04/2022;4;223;2;9
13/04/2022;4;478;2;10
28/06/2022;4;528;2;5
